{
  "method": "auction_nolearning",
  "swarm_sizes": [
    20,
    50,
    100,
    200
  ],
  "results_by_size": {
    "20": {
      "task_acceptance": {
        "mean": 5.996472663139329,
        "std": 0.0,
        "raw": [
          5.996472663139329
        ]
      },
      "avg_energy": {
        "mean": 21.029549855200404,
        "std": 0.0,
        "raw": [
          21.029549855200404
        ]
      },
      "social_welfare": {
        "mean": 0.06076220372282397,
        "std": 0.0,
        "raw": [
          0.06076220372282397
        ]
      },
      "fairness": {
        "mean": 0.16470588235293881,
        "std": 0.0,
        "raw": [
          0.16470588235293881
        ]
      },
      "lyapunov_last": {
        "mean": 2590.915809318973,
        "std": 0.0,
        "raw": [
          2590.915809318973
        ]
      }
    },
    "50": {
      "task_acceptance": {
        "mean": 18.134715025906736,
        "std": 0.0,
        "raw": [
          18.134715025906736
        ]
      },
      "avg_energy": {
        "mean": 17.314286515362625,
        "std": 0.0,
        "raw": [
          17.314286515362625
        ]
      },
      "social_welfare": {
        "mean": 0.190826096411967,
        "std": 0.0,
        "raw": [
          0.190826096411967
        ]
      },
      "fairness": {
        "mean": 0.13047619047618988,
        "std": 0.0,
        "raw": [
          0.13047619047618988
        ]
      },
      "lyapunov_last": {
        "mean": 716.2044496381673,
        "std": 0.0,
        "raw": [
          716.2044496381673
        ]
      }
    },
    "100": {
      "task_acceptance": {
        "mean": 37.83783783783784,
        "std": 0.0,
        "raw": [
          37.83783783783784
        ]
      },
      "avg_energy": {
        "mean": 15.718379854697883,
        "std": 0.0,
        "raw": [
          15.718379854697883
        ]
      },
      "social_welfare": {
        "mean": 0.3711735920409965,
        "std": 0.0,
        "raw": [
          0.3711735920409965
        ]
      },
      "fairness": {
        "mean": 0.16785714285714248,
        "std": 0.0,
        "raw": [
          0.16785714285714248
        ]
      },
      "lyapunov_last": {
        "mean": 2693.3167395746864,
        "std": 0.0,
        "raw": [
          2693.3167395746864
        ]
      }
    },
    "200": {
      "task_acceptance": {
        "mean": 66.5589660743134,
        "std": 0.0,
        "raw": [
          66.5589660743134
        ]
      },
      "avg_energy": {
        "mean": 16.199330144633976,
        "std": 0.0,
        "raw": [
          16.199330144633976
        ]
      },
      "social_welfare": {
        "mean": 0.6538992584236026,
        "std": 0.0,
        "raw": [
          0.6538992584236026
        ]
      },
      "fairness": {
        "mean": 0.14262135922330083,
        "std": 0.0,
        "raw": [
          0.14262135922330083
        ]
      },
      "lyapunov_last": {
        "mean": 214.69558143435904,
        "std": 0.0,
        "raw": [
          214.69558143435904
        ]
      }
    }
  },
  "seeds": [
    0
  ]
}