{
  "method": "daca",
  "swarm_sizes": [
    20,
    50,
    100,
    200
  ],
  "results_by_size": {
    "20": {
      "task_acceptance": {
        "mean": 5.82010582010582,
        "std": 0.0,
        "raw": [
          5.82010582010582
        ]
      },
      "avg_energy": {
        "mean": 22.106484028108312,
        "std": 0.0,
        "raw": [
          22.106484028108312
        ]
      },
      "social_welfare": {
        "mean": 0.06062567184994801,
        "std": 0.0,
        "raw": [
          0.06062567184994801
        ]
      },
      "fairness": {
        "mean": 0.17727272727272458,
        "std": 0.0,
        "raw": [
          0.17727272727272458
        ]
      },
      "lyapunov_last": {
        "mean": 695.8170165767363,
        "std": 0.0,
        "raw": [
          695.8170165767363
        ]
      }
    },
    "50": {
      "task_acceptance": {
        "mean": 19.343696027633854,
        "std": 0.0,
        "raw": [
          19.343696027633854
        ]
      },
      "avg_energy": {
        "mean": 16.09612220038347,
        "std": 0.0,
        "raw": [
          16.09612220038347
        ]
      },
      "social_welfare": {
        "mean": 0.20589884807444342,
        "std": 0.0,
        "raw": [
          0.20589884807444342
        ]
      },
      "fairness": {
        "mean": 0.15535714285714217,
        "std": 0.0,
        "raw": [
          0.15535714285714217
        ]
      },
      "lyapunov_last": {
        "mean": 244.50685457608267,
        "std": 0.0,
        "raw": [
          244.50685457608267
        ]
      }
    },
    "100": {
      "task_acceptance": {
        "mean": 38.85135135135135,
        "std": 0.0,
        "raw": [
          38.85135135135135
        ]
      },
      "avg_energy": {
        "mean": 15.212534522052962,
        "std": 0.0,
        "raw": [
          15.212534522052962
        ]
      },
      "social_welfare": {
        "mean": 0.3721911389658835,
        "std": 0.0,
        "raw": [
          0.3721911389658835
        ]
      },
      "fairness": {
        "mean": 0.16347826086956485,
        "std": 0.0,
        "raw": [
          0.16347826086956485
        ]
      },
      "lyapunov_last": {
        "mean": 625.8077182516031,
        "std": 0.0,
        "raw": [
          625.8077182516031
        ]
      }
    },
    "200": {
      "task_acceptance": {
        "mean": 75.2827140549273,
        "std": 0.0,
        "raw": [
          75.2827140549273
        ]
      },
      "avg_energy": {
        "mean": 13.439810316033501,
        "std": 0.0,
        "raw": [
          13.439810316033501
        ]
      },
      "social_welfare": {
        "mean": 0.7299876789549378,
        "std": 0.0,
        "raw": [
          0.7299876789549378
        ]
      },
      "fairness": {
        "mean": 0.17152360515021442,
        "std": 0.0,
        "raw": [
          0.17152360515021442
        ]
      },
      "lyapunov_last": {
        "mean": 94.97193001629013,
        "std": 0.0,
        "raw": [
          94.97193001629013
        ]
      }
    }
  },
  "seeds": [
    0
  ]
}