{
  "method": "qlearning",
  "swarm_sizes": [
    20,
    50,
    100,
    200
  ],
  "results_by_size": {
    "20": {
      "task_acceptance": {
        "mean": 5.996472663139329,
        "std": 0.0,
        "raw": [
          5.996472663139329
        ]
      },
      "avg_energy": {
        "mean": 21.427185074660645,
        "std": 0.0,
        "raw": [
          21.427185074660645
        ]
      },
      "social_welfare": {
        "mean": 0.06051123851424558,
        "std": 0.0,
        "raw": [
          0.06051123851424558
        ]
      },
      "fairness": {
        "mean": 0.16470588235293881,
        "std": 0.0,
        "raw": [
          0.16470588235293881
        ]
      },
      "lyapunov_last": {
        "mean": 145.0,
        "std": 0.0,
        "raw": [
          145.0
        ]
      }
    },
    "50": {
      "task_acceptance": {
        "mean": 16.407599309153714,
        "std": 0.0,
        "raw": [
          16.407599309153714
        ]
      },
      "avg_energy": {
        "mean": 19.1480235756792,
        "std": 0.0,
        "raw": [
          19.1480235756792
        ]
      },
      "social_welfare": {
        "mean": 0.17378634047633792,
        "std": 0.0,
        "raw": [
          0.17378634047633792
        ]
      },
      "fairness": {
        "mean": 0.17999999999999902,
        "std": 0.0,
        "raw": [
          0.17999999999999902
        ]
      },
      "lyapunov_last": {
        "mean": 318.0,
        "std": 0.0,
        "raw": [
          318.0
        ]
      }
    },
    "100": {
      "task_acceptance": {
        "mean": 33.44594594594595,
        "std": 0.0,
        "raw": [
          33.44594594594595
        ]
      },
      "avg_energy": {
        "mean": 18.020956780050916,
        "std": 0.0,
        "raw": [
          18.020956780050916
        ]
      },
      "social_welfare": {
        "mean": 0.33100207699158785,
        "std": 0.0,
        "raw": [
          0.33100207699158785
        ]
      },
      "fairness": {
        "mean": 0.153434343434343,
        "std": 0.0,
        "raw": [
          0.153434343434343
        ]
      },
      "lyapunov_last": {
        "mean": 658.0,
        "std": 0.0,
        "raw": [
          658.0
        ]
      }
    },
    "200": {
      "task_acceptance": {
        "mean": 62.52019386106623,
        "std": 0.0,
        "raw": [
          62.52019386106623
        ]
      },
      "avg_energy": {
        "mean": 18.065051649072196,
        "std": 0.0,
        "raw": [
          18.065051649072196
        ]
      },
      "social_welfare": {
        "mean": 0.6112156976059768,
        "std": 0.0,
        "raw": [
          0.6112156976059768
        ]
      },
      "fairness": {
        "mean": 0.1570413436692504,
        "std": 0.0,
        "raw": [
          0.1570413436692504
        ]
      },
      "lyapunov_last": {
        "mean": 749.5,
        "std": 0.0,
        "raw": [
          749.5
        ]
      }
    }
  },
  "seeds": [
    0
  ]
}