{
  "method": "greedy",
  "swarm_sizes": [
    20,
    50,
    100,
    200
  ],
  "results_by_size": {
    "20": {
      "task_acceptance": {
        "mean": 5.996472663139329,
        "std": 0.0,
        "raw": [
          5.996472663139329
        ]
      },
      "avg_energy": {
        "mean": 21.029549855200404,
        "std": 0.0,
        "raw": [
          21.029549855200404
        ]
      },
      "social_welfare": {
        "mean": 0.06076220372282397,
        "std": 0.0,
        "raw": [
          0.06076220372282397
        ]
      },
      "fairness": {
        "mean": 0.16470588235293881,
        "std": 0.0,
        "raw": [
          0.16470588235293881
        ]
      },
      "lyapunov_last": {
        "mean": 6052.314097813911,
        "std": 0.0,
        "raw": [
          6052.314097813911
        ]
      }
    },
    "50": {
      "task_acceptance": {
        "mean": 16.407599309153714,
        "std": 0.0,
        "raw": [
          16.407599309153714
        ]
      },
      "avg_energy": {
        "mean": 18.927708071420156,
        "std": 0.0,
        "raw": [
          18.927708071420156
        ]
      },
      "social_welfare": {
        "mean": 0.1711670079215476,
        "std": 0.0,
        "raw": [
          0.1711670079215476
        ]
      },
      "fairness": {
        "mean": 0.16105263157894653,
        "std": 0.0,
        "raw": [
          0.16105263157894653
        ]
      },
      "lyapunov_last": {
        "mean": 1923.00875836548,
        "std": 0.0,
        "raw": [
          1923.00875836548
        ]
      }
    },
    "100": {
      "task_acceptance": {
        "mean": 31.41891891891892,
        "std": 0.0,
        "raw": [
          31.41891891891892
        ]
      },
      "avg_energy": {
        "mean": 18.87382894984829,
        "std": 0.0,
        "raw": [
          18.87382894984829
        ]
      },
      "social_welfare": {
        "mean": 0.3092044178758796,
        "std": 0.0,
        "raw": [
          0.3092044178758796
        ]
      },
      "fairness": {
        "mean": 0.18956989247311776,
        "std": 0.0,
        "raw": [
          0.18956989247311776
        ]
      },
      "lyapunov_last": {
        "mean": 6721.124522127563,
        "std": 0.0,
        "raw": [
          6721.124522127563
        ]
      }
    },
    "200": {
      "task_acceptance": {
        "mean": 54.76575121163167,
        "std": 0.0,
        "raw": [
          54.76575121163167
        ]
      },
      "avg_energy": {
        "mean": 20.242021154211233,
        "std": 0.0,
        "raw": [
          20.242021154211233
        ]
      },
      "social_welfare": {
        "mean": 0.5316487506877929,
        "std": 0.0,
        "raw": [
          0.5316487506877929
        ]
      },
      "fairness": {
        "mean": 0.1845132743362829,
        "std": 0.0,
        "raw": [
          0.1845132743362829
        ]
      },
      "lyapunov_last": {
        "mean": 564.471549044583,
        "std": 0.0,
        "raw": [
          564.471549044583
        ]
      }
    }
  },
  "seeds": [
    0
  ]
}