{
  "method": "daca",
  "swarm_sizes": [
    20,
    50,
    100,
    200
  ],
  "results_by_size": {
    "20": {
      "task_acceptance": {
        "mean": 6.673662146555484,
        "std": 0.6803819509252405,
        "raw": [
          6.349206349206349,
          7.352941176470589,
          6.354009077155824,
          5.7491289198606275,
          7.563025210084033
        ]
      },
      "avg_energy": {
        "mean": 18.51240373871421,
        "std": 2.0510841116387466,
        "raw": [
          19.91679490499142,
          16.91926075695319,
          17.56605781801769,
          21.81715163316991,
          16.34275358043884
        ]
      },
      "social_welfare": {
        "mean": 0.06479349985803966,
        "std": 0.009900640157533093,
        "raw": [
          0.06433057355580739,
          0.06769891911865017,
          0.05940880427504679,
          0.051295726945143665,
          0.08123347539555029
        ]
      },
      "fairness": {
        "mean": 0.1639971139971119,
        "std": 0.02285461017641455,
        "raw": [
          0.15555555555555337,
          0.16111111111110932,
          0.12857142857142703,
          0.196969696969694,
          0.17777777777777581
        ]
      },
      "lyapunov_last": {
        "mean": 378.064596217879,
        "std": 251.2982962539208,
        "raw": [
          702.1011015126253,
          121.24946462143271,
          291.49872537455593,
          125.89744254129737,
          649.5762470394835
        ]
      }
    },
    "50": {
      "task_acceptance": {
        "mean": 18.67164611629848,
        "std": 1.2179858889599835,
        "raw": [
          19.516407599309154,
          20.098039215686274,
          16.61676646706587,
          19.023569023569024,
          18.103448275862068
        ]
      },
      "avg_energy": {
        "mean": 15.908086364094649,
        "std": 0.635432884770286,
        "raw": [
          16.15529044842197,
          14.760259235856351,
          16.23320662681227,
          15.766330555217715,
          16.62534495416494
        ]
      },
      "social_welfare": {
        "mean": 0.18805064138090807,
        "std": 0.016263869501547325,
        "raw": [
          0.20786345554121335,
          0.20663997367348344,
          0.16873860614696828,
          0.1746790012806985,
          0.1823321702621769
        ]
      },
      "fairness": {
        "mean": 0.14816963527000154,
        "std": 0.010739621223804029,
        "raw": [
          0.16212389380530903,
          0.15853658536585302,
          0.13441441441441382,
          0.1467256637168135,
          0.13904761904761842
        ]
      },
      "lyapunov_last": {
        "mean": 139.78102914578295,
        "std": 94.29277060465598,
        "raw": [
          244.90723799185673,
          16.51202942136786,
          84.36936517762587,
          97.71256726231593,
          255.40394587574846
        ]
      }
    },
    "100": {
      "task_acceptance": {
        "mean": 38.01608421503799,
        "std": 3.129018387751628,
        "raw": [
          41.0472972972973,
          37.24832214765101,
          32.2962962962963,
          39.25081433224756,
          40.2376910016978
        ]
      },
      "avg_energy": {
        "mean": 15.160450702371042,
        "std": 0.6600736151777387,
        "raw": [
          14.501295379308447,
          15.667557880954966,
          16.203454769728705,
          14.747250782962857,
          14.682694698900248
        ]
      },
      "social_welfare": {
        "mean": 0.37506673058866385,
        "std": 0.029457873313240526,
        "raw": [
          0.4022238375665453,
          0.3689330862689133,
          0.3210480539458842,
          0.39868269235796333,
          0.3844459828040132
        ]
      },
      "fairness": {
        "mean": 0.15863407804785057,
        "std": 0.007683415235748796,
        "raw": [
          0.17082304526748932,
          0.14999999999999966,
          0.15330275229357768,
          0.16410788381742702,
          0.15493670886075916
        ]
      },
      "lyapunov_last": {
        "mean": 368.1143973758643,
        "std": 306.3733724939761,
        "raw": [
          633.004498098679,
          390.6519533583533,
          22.299975214335895,
          769.7029923522845,
          24.91256785566871
        ]
      }
    },
    "200": {
      "task_acceptance": {
        "mean": 76.5217940977665,
        "std": 2.745867135282037,
        "raw": [
          75.92891760904685,
          81.66089965397923,
          73.90625,
          76.61290322580645,
          74.5
        ]
      },
      "avg_energy": {
        "mean": 13.518856856341813,
        "std": 0.31691443100263594,
        "raw": [
          13.49861045654603,
          13.168636859764414,
          13.889898017137265,
          13.171122994799152,
          13.866015953462213
        ]
      },
      "social_welfare": {
        "mean": 0.7604636760176892,
        "std": 0.03129102975402791,
        "raw": [
          0.7442273048583861,
          0.820093861674496,
          0.7371312765565403,
          0.7632905124757993,
          0.7375754245232243
        ]
      },
      "fairness": {
        "mean": 0.15525077702055426,
        "std": 0.01341507542776462,
        "raw": [
          0.1644680851063828,
          0.15296610169491506,
          0.1663953488372091,
          0.1623684210526314,
          0.13005592841163294
        ]
      },
      "lyapunov_last": {
        "mean": 284.468241880405,
        "std": 141.9727303410823,
        "raw": [
          92.10090470511703,
          266.39546008508114,
          512.2537536566632,
          200.25485363598858,
          351.336237319175
        ]
      }
    }
  },
  "seeds": [
    0,
    1,
    2,
    3,
    4
  ]
}