{
  "method": "qlearning",
  "swarm_sizes": [
    20,
    50,
    100,
    200
  ],
  "results_by_size": {
    "20": {
      "task_acceptance": {
        "mean": 6.568946825115651,
        "std": 0.6986815392038264,
        "raw": [
          5.996472663139329,
          6.862745098039216,
          6.505295007564296,
          5.7491289198606275,
          7.73109243697479
        ]
      },
      "avg_energy": {
        "mean": 18.788052475224507,
        "std": 2.4800703735312406,
        "raw": [
          21.427185074660645,
          18.15842823127621,
          17.141409356008023,
          21.81715163316991,
          15.396088081007731
        ]
      },
      "social_welfare": {
        "mean": 0.06379542435867194,
        "std": 0.009688861406870964,
        "raw": [
          0.06051123851424558,
          0.06639236155281521,
          0.0601749361442733,
          0.051295726945143665,
          0.08060285863688192
        ]
      },
      "fairness": {
        "mean": 0.16664297854448118,
        "std": 0.018681788423127108,
        "raw": [
          0.16470588235293881,
          0.17619047619047412,
          0.14534883720930064,
          0.196969696969694,
          0.14999999999999838
        ]
      },
      "lyapunov_last": {
        "mean": 478.0,
        "std": 322.9489123685045,
        "raw": [
          820.0,
          250.0,
          830.0,
          490.0,
          0.0
        ]
      }
    },
    "50": {
      "task_acceptance": {
        "mean": 16.921031753221833,
        "std": 0.9539348977939281,
        "raw": [
          17.098445595854923,
          17.973856209150327,
          15.119760479041917,
          17.17171717171717,
          17.24137931034483
        ]
      },
      "avg_energy": {
        "mean": 17.799463300123172,
        "std": 0.5118758532927583,
        "raw": [
          18.231443366909378,
          16.809480011991337,
          17.86282439982201,
          17.954424429614452,
          18.139144292278683
        ]
      },
      "social_welfare": {
        "mean": 0.1684111171061691,
        "std": 0.011975039961103242,
        "raw": [
          0.17933103691651164,
          0.1828159032520394,
          0.15730319915019395,
          0.15219720209023235,
          0.17040824412186814
        ]
      },
      "fairness": {
        "mean": 0.14337470217609927,
        "std": 0.017704836903754878,
        "raw": [
          0.14848484848484775,
          0.15999999999999928,
          0.1556435643564349,
          0.14274509803921498,
          0.10999999999999946
        ]
      },
      "lyapunov_last": {
        "mean": 439.6,
        "std": 37.78677017158254,
        "raw": [
          488.0,
          412.0,
          444.0,
          384.0,
          470.0
        ]
      }
    },
    "100": {
      "task_acceptance": {
        "mean": 32.02248992762031,
        "std": 2.6506365190768575,
        "raw": [
          32.432432432432435,
          32.38255033557047,
          26.962962962962962,
          34.039087947882734,
          34.29541595925297
        ]
      },
      "avg_energy": {
        "mean": 18.444857153155112,
        "std": 0.8074855633442175,
        "raw": [
          18.48456453494825,
          18.76478695399191,
          19.751010510228134,
          17.434807616999873,
          17.7891161496074
        ]
      },
      "social_welfare": {
        "mean": 0.32011828254338337,
        "std": 0.020024530776499308,
        "raw": [
          0.31449666079399796,
          0.32492696081408395,
          0.28452140361060113,
          0.34150185482873374,
          0.3351445326694996
        ]
      },
      "fairness": {
        "mean": 0.15877230268565884,
        "std": 0.01775617855258463,
        "raw": [
          0.17729166666666618,
          0.16865284974093225,
          0.16670329670329623,
          0.15497607655502355,
          0.12623762376237593
        ]
      },
      "lyapunov_last": {
        "mean": 680.0,
        "std": 305.31753962063823,
        "raw": [
          1208.0,
          751.0,
          276.0,
          587.0,
          578.0
        ]
      }
    },
    "200": {
      "task_acceptance": {
        "mean": 60.170031431481405,
        "std": 2.4355619222428935,
        "raw": [
          60.258481421647815,
          64.53287197231833,
          57.34375000000001,
          58.54838709677419,
          60.16666666666667
        ]
      },
      "avg_energy": {
        "mean": 19.334561702889935,
        "std": 0.2909803622754242,
        "raw": [
          19.006537840579604,
          19.047227825648662,
          19.272659640576027,
          19.6759447805347,
          19.670438427110696
        ]
      },
      "social_welfare": {
        "mean": 0.5970623014480004,
        "std": 0.02526181997902929,
        "raw": [
          0.587136721850429,
          0.6459764173174217,
          0.5817055263895695,
          0.5756383702479019,
          0.5948544714346804
        ]
      },
      "fairness": {
        "mean": 0.1652720764710903,
        "std": 0.007609135114222581,
        "raw": [
          0.16233243967828392,
          0.15769436997319014,
          0.1706403269754766,
          0.1773691460055094,
          0.1583240997229915
        ]
      },
      "lyapunov_last": {
        "mean": 485.0069548151954,
        "std": 111.31302266690739,
        "raw": [
          472.24224728723283,
          509.5,
          283.5,
          615.7925267887441,
          544.0
        ]
      }
    }
  },
  "seeds": [
    0,
    1,
    2,
    3,
    4
  ]
}