{
  "method": "greedy",
  "swarm_sizes": [
    20,
    50,
    100,
    200
  ],
  "results_by_size": {
    "20": {
      "task_acceptance": {
        "mean": 6.468106488981197,
        "std": 0.5426312546443993,
        "raw": [
          5.996472663139329,
          6.862745098039216,
          6.505295007564296,
          5.7491289198606275,
          7.226890756302522
        ]
      },
      "avg_energy": {
        "mean": 19.02318346449744,
        "std": 2.0168666541033025,
        "raw": [
          21.029549855200404,
          18.15842823127621,
          17.141409356008023,
          21.81715163316991,
          16.969378246832637
        ]
      },
      "social_welfare": {
        "mean": 0.0635903219371691,
        "std": 0.009233581858618422,
        "raw": [
          0.06076220372282397,
          0.06639236155281521,
          0.0601749361442733,
          0.051295726945143665,
          0.07932638132078938
        ]
      },
      "fairness": {
        "mean": 0.16966623435843461,
        "std": 0.016880093550116337,
        "raw": [
          0.16470588235293881,
          0.17619047619047412,
          0.14534883720930064,
          0.196969696969694,
          0.16511627906976553
        ]
      },
      "lyapunov_last": {
        "mean": 3560.001391421455,
        "std": 2148.4047320518166,
        "raw": [
          6052.314097813911,
          940.3170783056521,
          3098.3351648824114,
          1661.665154668269,
          6047.375461437028
        ]
      }
    },
    "50": {
      "task_acceptance": {
        "mean": 16.510589985970768,
        "std": 0.5939028310513049,
        "raw": [
          16.407599309153714,
          16.33986928104575,
          15.568862275449103,
          17.34006734006734,
          16.896551724137932
        ]
      },
      "avg_energy": {
        "mean": 18.138596813393182,
        "std": 0.5319150878481724,
        "raw": [
          18.927708071420156,
          18.4012035466418,
          17.35445476785248,
          17.814634922022822,
          18.194982759028644
        ]
      },
      "social_welfare": {
        "mean": 0.16524243699019953,
        "std": 0.005779758755938191,
        "raw": [
          0.1711670079215476,
          0.17037246064029846,
          0.16012602603863008,
          0.15671449189528208,
          0.16783219845523945
        ]
      },
      "fairness": {
        "mean": 0.1404919425417265,
        "std": 0.023682627797654284,
        "raw": [
          0.16105263157894653,
          0.16999999999999915,
          0.14384615384615318,
          0.11980582524271786,
          0.10775510204081577
        ]
      },
      "lyapunov_last": {
        "mean": 1564.3022329400762,
        "std": 900.8004994452921,
        "raw": [
          1923.00875836548,
          165.6041593533747,
          980.9822476087334,
          1979.505824831441,
          2772.4101745413527
        ]
      }
    },
    "100": {
      "task_acceptance": {
        "mean": 31.230737020542932,
        "std": 2.450573869382449,
        "raw": [
          31.41891891891892,
          31.711409395973156,
          27.111111111111114,
          31.107491856677527,
          34.80475382003396
        ]
      },
      "avg_energy": {
        "mean": 18.80205094961423,
        "std": 0.6864482076950771,
        "raw": [
          18.87382894984829,
          18.920531923033028,
          19.668277570795397,
          18.990898251686193,
          17.556718052708245
        ]
      },
      "social_welfare": {
        "mean": 0.3134069830882507,
        "std": 0.01921394006894571,
        "raw": [
          0.3092044178758796,
          0.320173119549256,
          0.27908495321709825,
          0.32221041822582774,
          0.33636200657319193
        ]
      },
      "fairness": {
        "mean": 0.15745140728055368,
        "std": 0.019423944162562,
        "raw": [
          0.18956989247311776,
          0.14597883597883562,
          0.15874316939890665,
          0.16198952879581108,
          0.1309756097560972
        ]
      },
      "lyapunov_last": {
        "mean": 3345.847891129565,
        "std": 2724.2276341698853,
        "raw": [
          6721.124522127563,
          3311.629013999812,
          181.46629399063568,
          6057.911535917425,
          457.108089612389
        ]
      }
    },
    "200": {
      "task_acceptance": {
        "mean": 57.086272196041406,
        "std": 2.3457623164999526,
        "raw": [
          54.76575121163167,
          60.207612456747405,
          55.46875,
          55.32258064516129,
          59.66666666666667
        ]
      },
      "avg_energy": {
        "mean": 20.105407868691138,
        "std": 0.37228878338509874,
        "raw": [
          20.242021154211233,
          20.232473767617655,
          19.91111286082689,
          20.626606114305943,
          19.514825446493976
        ]
      },
      "social_welfare": {
        "mean": 0.564757319182087,
        "std": 0.022622823968692012,
        "raw": [
          0.5316487506877929,
          0.596308047929692,
          0.5629461253641611,
          0.5513028232370076,
          0.5815808486917816
        ]
      },
      "fairness": {
        "mean": 0.17641955683655192,
        "std": 0.012608640816646595,
        "raw": [
          0.1845132743362829,
          0.19137931034482727,
          0.1724647887323941,
          0.17927113702623879,
          0.15446927374301653
        ]
      },
      "lyapunov_last": {
        "mean": 2542.590254705267,
        "std": 1695.3064308399776,
        "raw": [
          564.471549044583,
          2060.197765148735,
          5006.339471909346,
          1099.6874588684814,
          3982.255028555188
        ]
      }
    }
  },
  "seeds": [
    0,
    1,
    2,
    3,
    4
  ]
}