{
  "daca": {
    "num_tasks": [
      100,
      300,
      1000,
      3000,
      10000
    ],
    "convergence_distances": [
      2502.6149666600368,
      2828.2350560936893,
      2999.861435361576,
      2807.713903608634,
      2592.7635452947115
    ],
    "convergence_std": [
      28.757801970954816,
      32.033304902695875,
      53.74096706295943,
      30.293126244286412,
      7.969834993074035
    ]
  },
  "qlearning": {
    "num_tasks": [
      100,
      300,
      1000,
      3000,
      10000
    ],
    "convergence_distances": [
      380.23185677086076,
      292.3806079747725,
      208.3790740210592,
      77.26387749934229,
      41.80952783782151
    ],
    "convergence_std": [
      29.9561121581472,
      14.611582637206437,
      22.014754895097308,
      10.283540521696224,
      5.106302153552529
    ]
  },
  "auction_nolearning": {
    "num_tasks": [
      100,
      300,
      1000,
      3000,
      10000
    ],
    "convergence_distances": [
      2025.7159358326455,
      918.5492370925842,
      954.7383711621208,
      848.8134679011121,
      849.7408317341348
    ],
    "convergence_std": [
      180.09778616810087,
      64.42309396491974,
      165.96073665343806,
      89.12192776672393,
      85.6880783715314
    ]
  },
  "greedy": {
    "num_tasks": [
      100,
      300,
      1000,
      3000,
      10000
    ],
    "convergence_distances": [
      3377.399054311571,
      2797.4462181838003,
      2553.7463108098277,
      2351.7913729874717,
      2394.501284021617
    ],
    "convergence_std": [
      276.9883903631076,
      151.94985592206623,
      391.67815350833706,
      230.81182879498468,
      219.49911779874733
    ]
  }
}