{
  "daca": {
    "num_tasks": [
      100,
      300,
      1000,
      3000,
      10000
    ],
    "convergence_distances": [
      356.21320184703893,
      199.69159134682752,
      261.9738529663587,
      210.8257867996373,
      212.54651295008176
    ],
    "convergence_std": [
      23.66077156796496,
      18.728571034983055,
      45.0962188478039,
      21.233499316769024,
      22.821968689153728
    ]
  },
  "qlearning": {
    "num_tasks": [
      100,
      300,
      1000,
      3000,
      10000
    ],
    "convergence_distances": [
      745.6966288323101,
      689.0906150161821,
      386.1720481096503,
      362.90069135326786,
      348.67199999999997
    ],
    "convergence_std": [
      62.60275965982662,
      28.188348053444756,
      45.53726893855956,
      33.55385451946801,
      30.81880101496488
    ]
  },
  "auction_nolearning": {
    "num_tasks": [
      100,
      300,
      1000,
      3000,
      10000
    ],
    "convergence_distances": [
      2025.7159358326455,
      918.5492370925842,
      954.7383711621208,
      848.8134679011121,
      849.7408317341348
    ],
    "convergence_std": [
      180.09778616810087,
      64.42309396491974,
      165.96073665343806,
      89.12192776672393,
      85.6880783715314
    ]
  },
  "greedy": {
    "num_tasks": [
      100,
      300,
      1000,
      3000,
      10000
    ],
    "convergence_distances": [
      3377.399054311571,
      2797.4462181838003,
      2553.7463108098277,
      2351.7913729874717,
      2394.501284021617
    ],
    "convergence_std": [
      276.9883903631076,
      151.94985592206623,
      391.67815350833706,
      230.81182879498468,
      219.49911779874733
    ]
  }
}