{
  "method": "qlearning",
  "swarm_sizes": [
    20,
    50,
    100,
    200
  ],
  "results_by_size": {
    "20": {
      "task_acceptance": {
        "mean": 6.468106488981197,
        "std": 0.5426312546443993,
        "raw": [
          5.996472663139329,
          6.862745098039216,
          6.505295007564296,
          5.7491289198606275,
          7.226890756302522
        ]
      },
      "avg_energy": {
        "mean": 19.104092379504195,
        "std": 2.099114512626475,
        "raw": [
          21.427185074660645,
          18.15842823127621,
          17.141409356008023,
          21.81715163316991,
          16.976287602406174
        ]
      },
      "social_welfare": {
        "mean": 0.0636264006403457,
        "std": 0.009397159217366034,
        "raw": [
          0.06051123851424558,
          0.06639236155281521,
          0.0601749361442733,
          0.051295726945143665,
          0.07975774004525078
        ]
      },
      "fairness": {
        "mean": 0.16966623435843461,
        "std": 0.016880093550116337,
        "raw": [
          0.16470588235293881,
          0.17619047619047412,
          0.14534883720930064,
          0.196969696969694,
          0.16511627906976553
        ]
      },
      "lyapunov_last": {
        "mean": 299.0,
        "std": 168.71277367170512,
        "raw": [
          500.0,
          270.0,
          0.0,
          405.0,
          320.0
        ]
      }
    },
    "50": {
      "task_acceptance": {
        "mean": 16.789622850829343,
        "std": 1.0028370414828043,
        "raw": [
          16.580310880829018,
          17.483660130718953,
          14.97005988023952,
          17.845117845117844,
          17.06896551724138
        ]
      },
      "avg_energy": {
        "mean": 17.922358364078963,
        "std": 0.569162156043482,
        "raw": [
          18.765539937080987,
          17.286104043972525,
          18.049733219439975,
          17.290530125829573,
          18.21988449407175
        ]
      },
      "social_welfare": {
        "mean": 0.1660750317484816,
        "std": 0.008370036196699961,
        "raw": [
          0.16931375221796732,
          0.1778676486975135,
          0.15287188394592302,
          0.16164396705492443,
          0.1686779068260796
        ]
      },
      "fairness": {
        "mean": 0.14788903405417175,
        "std": 0.01785807165782263,
        "raw": [
          0.17249999999999913,
          0.1553271028037376,
          0.1399999999999993,
          0.15283018867924456,
          0.11878787878787819
        ]
      },
      "lyapunov_last": {
        "mean": 124.8,
        "std": 64.55509275030128,
        "raw": [
          98.0,
          18.0,
          128.0,
          180.0,
          200.0
        ]
      }
    },
    "100": {
      "task_acceptance": {
        "mean": 31.2245869347823,
        "std": 1.6973919529737562,
        "raw": [
          31.41891891891892,
          31.04026845637584,
          28.444444444444443,
          31.433224755700323,
          33.78607809847199
        ]
      },
      "avg_energy": {
        "mean": 18.901435391689965,
        "std": 0.5810469147419155,
        "raw": [
          19.290256107887497,
          19.457992251879826,
          19.04159198345582,
          18.91468288132397,
          17.80265373390271
        ]
      },
      "social_welfare": {
        "mean": 0.30893195351872443,
        "std": 0.015902640012063447,
        "raw": [
          0.3078512482573094,
          0.3048409221491124,
          0.2828206725655592,
          0.3184312824194617,
          0.33071564220217964
        ]
      },
      "fairness": {
        "mean": 0.16341598430507867,
        "std": 0.013665102306400757,
        "raw": [
          0.18956989247311776,
          0.16081081081081036,
          0.15812499999999957,
          0.14937823834196853,
          0.15919597989949705
        ]
      },
      "lyapunov_last": {
        "mean": 142.4,
        "std": 87.46336375877617,
        "raw": [
          244.0,
          10.0,
          143.0,
          228.0,
          87.0
        ]
      }
    },
    "200": {
      "task_acceptance": {
        "mean": 59.919588697776135,
        "std": 2.9278366021788615,
        "raw": [
          60.42003231017771,
          65.05190311418684,
          56.09375,
          59.03225806451613,
          59.0
        ]
      },
      "avg_energy": {
        "mean": 19.44421480070608,
        "std": 0.5247869031247159,
        "raw": [
          18.703610167216848,
          19.00241284123996,
          19.930241850212035,
          19.51435084848209,
          20.070458296379467
        ]
      },
      "social_welfare": {
        "mean": 0.5918300834179968,
        "std": 0.030175759478190955,
        "raw": [
          0.590845847745334,
          0.6503505691106053,
          0.5756794043766005,
          0.5733777397112233,
          0.5688968561462211
        ]
      },
      "fairness": {
        "mean": 0.16745680538504132,
        "std": 0.006506801243428065,
        "raw": [
          0.16516042780748638,
          0.16382978723404235,
          0.1771587743732588,
          0.17234972677595603,
          0.15878531073446306
        ]
      },
      "lyapunov_last": {
        "mean": 204.49046372061179,
        "std": 61.850594083028284,
        "raw": [
          188.95231860305884,
          238.0,
          276.0,
          225.5,
          94.0
        ]
      }
    }
  },
  "seeds": [
    0,
    1,
    2,
    3,
    4
  ]
}