{
  "method": "daca",
  "swarm_sizes": [
    20,
    50,
    100,
    200
  ],
  "results_by_size": {
    "20": {
      "task_acceptance": {
        "mean": 6.534954811769718,
        "std": 0.6599669355496097,
        "raw": [
          5.996472663139329,
          7.516339869281046,
          6.354009077155824,
          5.7491289198606275,
          7.0588235294117645
        ]
      },
      "avg_energy": {
        "mean": 18.74817428829666,
        "std": 2.401951212085315,
        "raw": [
          21.542328485843814,
          16.639121219546603,
          17.122402899716466,
          21.81715163316991,
          16.619867203206514
        ]
      },
      "social_welfare": {
        "mean": 0.061827936874838896,
        "std": 0.008465501761550568,
        "raw": [
          0.05609170954675084,
          0.07179973141046214,
          0.05807584848846723,
          0.051295726945143665,
          0.07187666798337061
        ]
      },
      "fairness": {
        "mean": 0.16221332801895255,
        "std": 0.023965063395366384,
        "raw": [
          0.1441176470588215,
          0.16521739130434604,
          0.12857142857142703,
          0.196969696969694,
          0.17619047619047412
        ]
      },
      "lyapunov_last": {
        "mean": 3306.4874062562985,
        "std": 177.50232624753494,
        "raw": [
          3225.6617456258946,
          3438.9608387580147,
          3274.8938670633916,
          3039.308444173759,
          3553.6121356604335
        ]
      }
    },
    "50": {
      "task_acceptance": {
        "mean": 16.75541424733801,
        "std": 0.9710921745665774,
        "raw": [
          16.407599309153714,
          17.483660130718953,
          15.119760479041917,
          16.835016835016837,
          17.93103448275862
        ]
      },
      "avg_energy": {
        "mean": 17.874585187810016,
        "std": 0.6757672990681673,
        "raw": [
          19.051462789561842,
          17.255055142631438,
          17.902858046616387,
          17.995401536367236,
          17.168148423873184
        ]
      },
      "social_welfare": {
        "mean": 0.1687129411679023,
        "std": 0.011467340491593604,
        "raw": [
          0.17222074088342035,
          0.18725064901299537,
          0.15599613833558615,
          0.1571088921775817,
          0.17098828542992792
        ]
      },
      "fairness": {
        "mean": 0.13686022292493666,
        "std": 0.017254689754668585,
        "raw": [
          0.15157894736842023,
          0.14186915887850401,
          0.1562376237623755,
          0.10999999999999946,
          0.12461538461538403
        ]
      },
      "lyapunov_last": {
        "mean": 3107.738917281543,
        "std": 36.91897270723126,
        "raw": [
          3070.9458889388525,
          3088.0771810897445,
          3131.688117624725,
          3079.4222486552653,
          3168.561150099126
        ]
      }
    },
    "100": {
      "task_acceptance": {
        "mean": 31.39959083965143,
        "std": 2.236958661785229,
        "raw": [
          34.45945945945946,
          29.86577181208054,
          28.444444444444443,
          30.781758957654727,
          33.446519524618
        ]
      },
      "avg_energy": {
        "mean": 18.75699361997843,
        "std": 0.899756543949856,
        "raw": [
          17.325338720882183,
          20.12117099590461,
          18.7691921253031,
          19.044937604821826,
          18.524328652980447
        ]
      },
      "social_welfare": {
        "mean": 0.3131244827003687,
        "std": 0.016608434934104434,
        "raw": [
          0.32894896648088434,
          0.2976565191629164,
          0.28870182720665355,
          0.3238398178850751,
          0.326475282766314
        ]
      },
      "fairness": {
        "mean": 0.15942872738143168,
        "std": 0.015840010100090635,
        "raw": [
          0.13725490196078396,
          0.18404494382022418,
          0.14854166666666627,
          0.1648148148148144,
          0.16248730964466965
        ]
      },
      "lyapunov_last": {
        "mean": 2983.625036206738,
        "std": 69.16597520261281,
        "raw": [
          3055.76768859263,
          2942.0788065453194,
          2928.9408597209576,
          3078.459431982162,
          2912.8783941926217
        ]
      }
    },
    "200": {
      "task_acceptance": {
        "mean": 59.581033884663235,
        "std": 1.4244916777076124,
        "raw": [
          58.80452342487884,
          62.11072664359861,
          57.8125,
          59.67741935483871,
          59.5
        ]
      },
      "avg_energy": {
        "mean": 19.36779625360971,
        "std": 0.3024224785744498,
        "raw": [
          19.076195335328972,
          19.55968951373357,
          19.108169534198495,
          19.2284994726189,
          19.866427412168623
        ]
      },
      "social_welfare": {
        "mean": 0.5885966908758972,
        "std": 0.016549591399670636,
        "raw": [
          0.5741254822341907,
          0.6180483603749208,
          0.5852218512809042,
          0.5931353839292713,
          0.5724523765601989
        ]
      },
      "fairness": {
        "mean": 0.17329828449195947,
        "std": 0.010840320484145887,
        "raw": [
          0.1869780219780217,
          0.18158774373259026,
          0.15621621621621598,
          0.17459459459459437,
          0.1671148459383751
        ]
      },
      "lyapunov_last": {
        "mean": 2746.5016557010276,
        "std": 47.67269390961575,
        "raw": [
          2677.660569815117,
          2726.6503379266,
          2825.005424370602,
          2754.3810192331352,
          2748.810927159683
        ]
      }
    }
  },
  "seeds": [
    0,
    1,
    2,
    3,
    4
  ]
}