{
  "method": "qlearning",
  "swarm_sizes": [
    20,
    50,
    100,
    200
  ],
  "results_by_size": {
    "20": {
      "task_acceptance": {
        "mean": 6.703919332637179,
        "std": 0.6687585390694798,
        "raw": [
          6.349206349206349,
          7.352941176470589,
          6.505295007564296,
          5.7491289198606275,
          7.563025210084033
        ]
      },
      "avg_energy": {
        "mean": 18.427474046312277,
        "std": 2.0967937379542163,
        "raw": [
          19.91679490499142,
          16.91926075695319,
          17.141409356008023,
          21.81715163316991,
          16.34275358043884
        ]
      },
      "social_welfare": {
        "mean": 0.06494672623188497,
        "std": 0.00982173274217123,
        "raw": [
          0.06433057355580739,
          0.06769891911865017,
          0.0601749361442733,
          0.051295726945143665,
          0.08123347539555029
        ]
      },
      "fairness": {
        "mean": 0.1673525957246866,
        "std": 0.018155708648985074,
        "raw": [
          0.15555555555555337,
          0.16111111111110932,
          0.14534883720930064,
          0.196969696969694,
          0.17777777777777581
        ]
      },
      "lyapunov_last": {
        "mean": 204.0,
        "std": 202.8151868080889,
        "raw": [
          0.0,
          0.0,
          130.0,
          465.0,
          425.0
        ]
      }
    },
    "50": {
      "task_acceptance": {
        "mean": 16.701942348976377,
        "std": 0.549513603317321,
        "raw": [
          16.234887737478413,
          16.99346405228758,
          15.868263473053892,
          17.17171717171717,
          17.24137931034483
        ]
      },
      "avg_energy": {
        "mean": 18.066616760147088,
        "std": 0.7710282233855864,
        "raw": [
          19.279178214586604,
          17.840228716086575,
          16.954904363407607,
          17.80760891774633,
          18.451163588908308
        ]
      },
      "social_welfare": {
        "mean": 0.16483867302733263,
        "std": 0.005142097410550171,
        "raw": [
          0.16970214505340267,
          0.1692966841072098,
          0.16009531892544732,
          0.157272319200446,
          0.1678268978501574
        ]
      },
      "fairness": {
        "mean": 0.14694777579376178,
        "std": 0.02233413563570174,
        "raw": [
          0.15914893617021195,
          0.17038461538461455,
          0.1622641509433955,
          0.13294117647058756,
          0.10999999999999946
        ]
      },
      "lyapunov_last": {
        "mean": 322.0,
        "std": 120.49232340692912,
        "raw": [
          292.0,
          408.0,
          408.0,
          404.0,
          98.0
        ]
      }
    },
    "100": {
      "task_acceptance": {
        "mean": 31.722826693995057,
        "std": 2.6573359967159376,
        "raw": [
          30.91216216216216,
          33.7248322147651,
          27.555555555555557,
          31.107491856677527,
          35.31409168081494
        ]
      },
      "avg_energy": {
        "mean": 18.701138199147803,
        "std": 0.8606734021529459,
        "raw": [
          19.53437939708393,
          17.95261750973606,
          19.509792742264825,
          19.08998575574457,
          17.418915590909634
        ]
      },
      "social_welfare": {
        "mean": 0.3175237772919833,
        "std": 0.021286428414536644,
        "raw": [
          0.30661437971582484,
          0.3268456801476034,
          0.282315188923071,
          0.3274652597073325,
          0.3443783779660848
        ]
      },
      "fairness": {
        "mean": 0.16201974120325102,
        "std": 0.013191183764769063,
        "raw": [
          0.1814207650273219,
          0.1430348258706464,
          0.16645161290322533,
          0.1524607329842928,
          0.16673076923076882
        ]
      },
      "lyapunov_last": {
        "mean": 514.7898154763575,
        "std": 184.02092096579472,
        "raw": [
          541.0,
          831.9490773817873,
          454.0,
          263.0,
          484.0
        ]
      }
    },
    "200": {
      "task_acceptance": {
        "mean": 59.59490707848589,
        "std": 2.030324072525454,
        "raw": [
          57.51211631663974,
          62.629757785467135,
          57.1875,
          60.64516129032258,
          60.0
        ]
      },
      "avg_energy": {
        "mean": 19.46679800051649,
        "std": 0.25670083122139625,
        "raw": [
          19.62845978021995,
          19.52980204129877,
          19.631010613348373,
          18.958676186783713,
          19.586041380931643
        ]
      },
      "social_welfare": {
        "mean": 0.5933240814464341,
        "std": 0.025827810924606516,
        "raw": [
          0.5575382270890479,
          0.6320448835502762,
          0.5753009133225025,
          0.6085098345157971,
          0.5932265487545467
        ]
      },
      "fairness": {
        "mean": 0.1723524624242222,
        "std": 0.003678866680768168,
        "raw": [
          0.17966292134831433,
          0.17005524861878427,
          0.1700819672131145,
          0.17085106382978701,
          0.17111111111111088
        ]
      },
      "lyapunov_last": {
        "mean": 452.68622696112755,
        "std": 61.867994679315565,
        "raw": [
          472.2533374390969,
          515.0,
          359.5,
          513.6777973665407,
          403.0
        ]
      }
    }
  },
  "seeds": [
    0,
    1,
    2,
    3,
    4
  ]
}