{
  "method": "daca",
  "swarm_sizes": [
    20,
    50,
    100,
    200
  ],
  "results_by_size": {
    "20": {
      "task_acceptance": {
        "mean": 6.72838801803365,
        "std": 0.9170179661173571,
        "raw": [
          5.64373897707231,
          8.006535947712418,
          6.505295007564296,
          5.923344947735192,
          7.563025210084033
        ]
      },
      "avg_energy": {
        "mean": 18.63585463208216,
        "std": 2.8074659952575534,
        "raw": [
          22.43835789710838,
          15.594129070376253,
          17.24958962405312,
          21.554442988434214,
          16.34275358043884
        ]
      },
      "social_welfare": {
        "mean": 0.06498453997989728,
        "std": 0.010645463562561784,
        "raw": [
          0.05703173654003397,
          0.07310628897629712,
          0.06116981575184984,
          0.052381383235755155,
          0.08123347539555029
        ]
      },
      "fairness": {
        "mean": 0.16347146610582008,
        "std": 0.024979716739361058,
        "raw": [
          0.1499999999999977,
          0.1418367346938761,
          0.14186046511627745,
          0.20588235294117344,
          0.17777777777777581
        ]
      },
      "lyapunov_last": {
        "mean": 379.47183273041173,
        "std": 253.23044931162875,
        "raw": [
          729.9282291611861,
          136.89193632095598,
          302.91066827385936,
          106.31496754358008,
          621.3133623524773
        ]
      }
    },
    "50": {
      "task_acceptance": {
        "mean": 18.567896396486766,
        "std": 1.1163297786671855,
        "raw": [
          19.516407599309154,
          19.934640522875817,
          16.766467065868262,
          18.51851851851852,
          18.103448275862068
        ]
      },
      "avg_energy": {
        "mean": 15.982268706384435,
        "std": 0.6113655891226834,
        "raw": [
          15.925924173955115,
          14.86099905190716,
          16.077056633894284,
          16.44250927849968,
          16.60485439366594
        ]
      },
      "social_welfare": {
        "mean": 0.1898152077128397,
        "std": 0.013944482970452551,
        "raw": [
          0.20557042320161764,
          0.20633731172398267,
          0.17382724823614143,
          0.1760691967298555,
          0.18727185867260113
        ]
      },
      "fairness": {
        "mean": 0.1395355608896151,
        "std": 0.008743138855732142,
        "raw": [
          0.15557522123893738,
          0.13475409836065516,
          0.1396428571428565,
          0.13818181818181757,
          0.12952380952380893
        ]
      },
      "lyapunov_last": {
        "mean": 137.9188863354547,
        "std": 93.95034989719368,
        "raw": [
          254.0373904923688,
          16.64129776119197,
          83.36069441055317,
          93.00484273704758,
          242.55020627611194
        ]
      }
    },
    "100": {
      "task_acceptance": {
        "mean": 37.426325169614145,
        "std": 2.590918883219268,
        "raw": [
          38.513513513513516,
          36.241610738255034,
          33.03703703703704,
          38.762214983713356,
          40.57724957555178
        ]
      },
      "avg_energy": {
        "mean": 15.39643637294184,
        "std": 0.5156796783338106,
        "raw": [
          15.30464356764145,
          16.120258994233396,
          15.838033173825531,
          14.973504046789058,
          14.745742082219765
        ]
      },
      "social_welfare": {
        "mean": 0.366830028451089,
        "std": 0.0214636118139452,
        "raw": [
          0.37168613583720855,
          0.359776341185476,
          0.32913247590331723,
          0.3842104353664394,
          0.3893447539630039
        ]
      },
      "fairness": {
        "mean": 0.1560051787156625,
        "std": 0.009515763239766684,
        "raw": [
          0.1689473684210523,
          0.14759259259259225,
          0.16569506726457361,
          0.15201680672268875,
          0.14577405857740555
        ]
      },
      "lyapunov_last": {
        "mean": 366.3189196867712,
        "std": 304.02787609347837,
        "raw": [
          622.7441855992528,
          394.74989498281275,
          18.219635590748034,
          767.0133045531707,
          28.86757770787179
        ]
      }
    },
    "200": {
      "task_acceptance": {
        "mean": 76.63846890336238,
        "std": 2.4604292566882524,
        "raw": [
          75.92891760904685,
          81.4878892733564,
          75.625,
          75.48387096774194,
          74.66666666666667
        ]
      },
      "avg_energy": {
        "mean": 13.532640227739634,
        "std": 0.23967403412039207,
        "raw": [
          13.125661249471243,
          13.568369901309964,
          13.593818154495075,
          13.50261532339057,
          13.872736510031316
        ]
      },
      "social_welfare": {
        "mean": 0.7596345580724553,
        "std": 0.025937416680313043,
        "raw": [
          0.7457290080573433,
          0.8114750601120377,
          0.7467594167677637,
          0.7458437746393932,
          0.748365530785738
        ]
      },
      "fairness": {
        "mean": 0.1585921203677057,
        "std": 0.005751772438964844,
        "raw": [
          0.15893617021276576,
          0.16441613588110388,
          0.1579752066115701,
          0.16341880341880322,
          0.14821428571428555
        ]
      },
      "lyapunov_last": {
        "mean": 284.89826209850736,
        "std": 140.42594792975933,
        "raw": [
          95.97508347469406,
          262.3407582861262,
          514.5943928213155,
          206.9784310512696,
          344.6026448591313
        ]
      }
    }
  },
  "seeds": [
    0,
    1,
    2,
    3,
    4
  ]
}