{
  "method": "auction_nolearning",
  "swarm_sizes": [
    20,
    50,
    100,
    200
  ],
  "results_by_size": {
    "20": {
      "task_acceptance": {
        "mean": 6.668215800998688,
        "std": 0.6785495316686497,
        "raw": [
          5.996472663139329,
          7.352941176470589,
          6.505295007564296,
          5.923344947735192,
          7.563025210084033
        ]
      },
      "avg_energy": {
        "mean": 18.597483307406936,
        "std": 2.221663641084515,
        "raw": [
          21.029549855200404,
          16.91926075695319,
          17.141409356008023,
          21.554442988434214,
          16.34275358043884
        ]
      },
      "social_welfare": {
        "mean": 0.06445018352341059,
        "std": 0.009692966982084219,
        "raw": [
          0.06076220372282397,
          0.06769891911865017,
          0.0601749361442733,
          0.052381383235755155,
          0.08123347539555029
        ]
      },
      "fairness": {
        "mean": 0.1709651922784596,
        "std": 0.020288415183828137,
        "raw": [
          0.16470588235293881,
          0.16111111111110932,
          0.14534883720930064,
          0.20588235294117344,
          0.17777777777777581
        ]
      },
      "lyapunov_last": {
        "mean": 1423.2100868469727,
        "std": 945.7630770449432,
        "raw": [
          2590.915809318973,
          313.22709970066694,
          1157.7133437246628,
          582.463150085456,
          2471.731031405104
        ]
      }
    },
    "50": {
      "task_acceptance": {
        "mean": 17.665072699855962,
        "std": 0.869594858976184,
        "raw": [
          18.134715025906736,
          18.790849673202615,
          16.317365269461078,
          18.013468013468014,
          17.06896551724138
        ]
      },
      "avg_energy": {
        "mean": 16.888135522652487,
        "std": 0.7584489116895393,
        "raw": [
          17.314286515362625,
          15.719323428908913,
          16.501290364145927,
          16.932813654313474,
          17.972963650531497
        ]
      },
      "social_welfare": {
        "mean": 0.17796928754288477,
        "std": 0.012373653343625406,
        "raw": [
          0.190826096411967,
          0.195188526444064,
          0.1671483196271352,
          0.16754664825907997,
          0.16913684697217768
        ]
      },
      "fairness": {
        "mean": 0.13220879782082187,
        "std": 0.018828701268618037,
        "raw": [
          0.13047619047618988,
          0.15652173913043413,
          0.1344954128440361,
          0.14056074766355076,
          0.0989898989898985
        ]
      },
      "lyapunov_last": {
        "mean": 576.8726028062156,
        "std": 364.59279625547106,
        "raw": [
          716.2044496381673,
          34.46888031681928,
          366.54511970610787,
          639.9975124677177,
          1127.147051902266
        ]
      }
    },
    "100": {
      "task_acceptance": {
        "mean": 35.45147556158706,
        "std": 2.840983722809313,
        "raw": [
          37.83783783783784,
          34.22818791946309,
          30.962962962962965,
          35.17915309446254,
          39.04923599320883
        ]
      },
      "avg_energy": {
        "mean": 16.37458649564811,
        "std": 0.6048327323255905,
        "raw": [
          15.718379854697883,
          17.188446313008267,
          16.694216750604316,
          16.645883489865465,
          15.626006070064614
        ]
      },
      "social_welfare": {
        "mean": 0.35114222671267975,
        "std": 0.026421125276319454,
        "raw": [
          0.3711735920409965,
          0.34402146415781276,
          0.30442872121578585,
          0.35610741534308826,
          0.3799799408057155
        ]
      },
      "fairness": {
        "mean": 0.14890829614789736,
        "std": 0.012408273612660906,
        "raw": [
          0.16785714285714248,
          0.13274509803921533,
          0.14062200956937765,
          0.1459259259259256,
          0.15739130434782578
        ]
      },
      "lyapunov_last": {
        "mean": 1341.2961810000897,
        "std": 1123.7282719090815,
        "raw": [
          2693.3167395746864,
          1337.055903944812,
          63.47815125050661,
          2500.1706366642493,
          112.45947356619489
        ]
      }
    },
    "200": {
      "task_acceptance": {
        "mean": 66.88894049692541,
        "std": 1.7696946088614354,
        "raw": [
          66.5589660743134,
          70.06920415224913,
          64.6875,
          66.12903225806451,
          67.0
        ]
      },
      "avg_energy": {
        "mean": 16.653134510246424,
        "std": 0.25238576997155016,
        "raw": [
          16.199330144633976,
          16.97026127626437,
          16.758918120589332,
          16.681185173854388,
          16.65597783589007
        ]
      },
      "social_welfare": {
        "mean": 0.6622842664117763,
        "std": 0.01984222341433312,
        "raw": [
          0.6538992584236026,
          0.6974398924039134,
          0.6446775215452213,
          0.6452452635346355,
          0.6701593961515085
        ]
      },
      "fairness": {
        "mean": 0.1269491765032531,
        "std": 0.009138830920053086,
        "raw": [
          0.14262135922330083,
          0.1306172839506171,
          0.12214975845410615,
          0.1235365853658535,
          0.1158208955223879
        ]
      },
      "lyapunov_last": {
        "mean": 1055.0052162760392,
        "std": 713.7292081578025,
        "raw": [
          214.69558143435904,
          856.3263727740815,
          2123.0080874606138,
          465.86670445833,
          1615.1293352528114
        ]
      }
    }
  },
  "seeds": [
    0,
    1,
    2,
    3,
    4
  ]
}